Sequence number,Sequence ID,V-DOMAIN Functionality,V-GENE and allele,V-REGION score,V-REGION identity %,V-REGION identity nt,J-GENE and allele,J-REGION score,J-REGION identity %,J-REGION identity nt,D-GENE and allele,D-REGION reading frame,CDR1-IMGT length,CDR2-IMGT length,CDR3-IMGT length,CDR-IMGT lengths,FR-IMGT lengths,AA JUNCTION,JUNCTION frame,Orientation,V-DOMAIN Functionality comment,V-REGION potential ins/del,J-GENE and allele comment,Sequence,Deleted n nt
1,B2_Ind,unknown (see comment),"Homsap IGHV3-23*01 F, or Homsap IGHV3-23D*01 F",1408,98.96,285/288 nt,,,,,,,8,8,X,8.8.X,[25.17.38.X],,,-,no rearrangement found,,,ccctttgtaaaggtgtcccagtgtgaggcgcagctgttggtgtctgggggaggcttggtaccgcctggggggtccctgagactctcctgtgcagcctctggattcacctttagcagctatgccatgagctgggtccgccaggctccagggaaggggctggagtgggtctcagctattagtggtagtggtggtagcacatactacgcagactccgtgaagggccggttcaccatctccagagacaattccaagaacacgctgtatctgcaaatgaacagcctgagagccgaggacacggccgtatattactgtgcgaaacaacataccagcattggtacctcaacatgtgcccactcccaggtgcagggttcttgaacaggctcaatcggtaaagctctcagaagcaa,
2,B7_Ind,unknown (see comment),"Homsap IGHV3-23*01 F, or Homsap IGHV3-23D*01 F",1372,97.57,281/288 nt,,,,,,,8,8,X,8.8.X,[25.17.38.X],,,-,no rearrangement found,,,ttacaaaggggtgtccagtgtgatgtgcagctgttggtgtcggggggaggtttggtaccgcctggggggtccctgagactctcctgtgcagcctctggattcacctttagcagctatgccctgagctgggtccgccaggctccagggaaggggctggagtgggtctcagctattagtggtagtggtggtagcacttactacgcagactccgtgaagggccggttcaccatctccagagacaattccaagaacacgctgtatctgcaaatgaacagcctgagagccgaggacacggccgtatattactgtgcgaaagccaaagtaccagctgattggggcgcctactattactacggtatggagtcggggccaagggacctacggtcactcctcactacagtgagtcagggagtcaaaagaccaaaacc,
3,B8_Consensus_Alignment_of_5_sequences:_C02_U3464C,unproductive,"Homsap IGHV3-23*01 F, or Homsap IGHV3-23D*01 F",1426,99.65,287/288 nt,Homsap IGHJ3*02 F,223,94,47/50 nt,Homsap IGHD6-13*01 F,3,8,8,X,8.8.X,[25.17.38.11],CAKQHSSSXXXT#DAFDIW,out-of-frame,-,,,,tcacggtaccagtgctgctttgttgtttcgcacagtcatamggccgtgtcctcggccctcsggcykttcatynggagctacagcgntcttctcggcawtgtctcsgcagatggtgcaccsgsccyccacggcgtctgcgtbgtntttgcaccacmmcccaccccctcacagctcagacccactccggccccccccccggagcccggcggacccagctcwtgkcayagccttwtwmtaggtgtccagtgtgargtgcagctgttggagtctgggggaggcttggtacagcctggggggtccctgagactctcctgtgcagcctctggattcacctttagcagctatgccatgagctgggtccgccaggctccagggaaggggctggagtgggtctcagctattagtggtagtggtggtagcacatactacgcagactccgtgaagggccggttcaccatctccagagacaattccaagaacacgctgtatctgcaaatgaacagcctgagagccgaggacacggccgtatattactgtgcgaaacaacatagcagcagcntggnnnntaccttgatgcttttgatatctggggccaagggacaatggtcaccgtctctcaggwgastgcagccgastcwsawacgacc,
4,B10_Consensus_Alignment_of_6_sequences:_A03_U3464,productive,"Homsap IGHV3-23*01 F, or Homsap IGHV3-23D*01 F",1435,100,288/288 nt,Homsap IGHJ3*02 F,223,94,47/50 nt,Homsap IGHD6-13*01 F,1,8,8,15,8.8.15,[25.17.38.11],CAKQHSSSWYLDAFDIW,in-frame,-,,,,ttgggaatttttcatcggagacaagggggaaaggggtggggyggtgccactcctgagagacggkacanccattgtcccykggcccyagatatcaamggatccaggtaccggyggtgcttggttgtttcgcaccstcwatwasgccgtgtcytgggcctccggncttttawtcgcarmtanagcgtttcctcggaatcgtctcggagatggtgcaccsgcccctccacggcgttgcgtngtatttgctaccaccccccaccmctcamcrgctcagacccactccwgcccccyccccggagcccggcggacccagctcatggcatagctkttttrtaggtgtyccagtgtgaggtgcagctgttggagtctgggggaggcttggtacagcctggggggtccctgagactctcctgtgcagcctctggattcacctttagcagctatgccatgagctgggtccgccaggctccagggaaggggctggagtgggtctcagctattagtggtagtggtggtagcacatactacgcagactccgtgaagggccggttcaccatctccagagacaattccaagaacacgctgtatctgcaaatgaacagcctgagagccgaggacacggccgtatattactgtgcgaaacaacatagcagcagctggtaccttgatgcttttgatatctggggccaagggacaatggtcaccgtctctcagggagtgcagccgagtccagtacgahc,
5,E2_Consensus_Alignment_of_6_sequences:_A03_U3464C,unknown (see comment),Homsap IGHV5-51*03 F,1435,100,288/288 nt,Homsap IGHJ4*03 F (see comment),7,50,7/14 nt,,,8,8,X,8.8.X,[25.17.38.X],,,-,"rearranged sequence, no junction found",,the JUNCTION has not been identified: the results for J-GENE may be unreliable,ccacatcgtttttcccccttctaccccccccccccccccccacgtgggacggtgtccccccccctggaaccgctgtggggcttctcaaggagtctgttccgaggtgcagctggtgcagtctggagcagaggtgaaaaagccgggggagtctctgaagatctcctgtaagggttctggatacagctttaccagctactggatcggctgggtgcgccagatgcccgggaaaggcctggagtggatggggatcatctatcctggtgactctgataccagatacagcccgtccttccaaggccaggtcaccatctcagccgacaagtccatcagcaccgcctacctgcagtggagcagcctgaaggcctcggacaccgccatgtattactgtgcgagctcttattgtagtagtaccagctgtcaggggccctctgactactggggccnagggaaccctynggtcacnnncgtnnstcmycasggcnnnyascksagatggmactkycmccac,
6,C12_Consensus_Alignment_of_6_sequences:_A09_U3464,productive,Homsap IGHV3-21*01 F,1435,100,288/288 nt,Homsap IGHJ6*02 F,301,98.39,61/62 nt,Homsap IGHD2-2*02 F,3,8,8,21,8.8.21,[25.17.38.11],CAREIVVVPAAIHYYYYYGMDVW,in-frame,-,,,,ccgacccttcagcgcsccccccccccccccgccmtccyymyatatwtttagstccccccccccccccccccccccccatgmgccttkggcagcccccatawkggtccanttttaataggtgtccnagtgtgaggtgcagctggtggagtctgggggaggcctggtcaagcctggggggtccctgagactctcctgtgcagcctctggattcaccttcagtagctatagcatgaactgggtccgccaggctccagggaaggggctggagtgggtctcatccattagtagtagtagtagttacatatactacgcagactcagtgaagggccgattcaccatctccagagacaacgccaagaactcactgtatctgcaaatgaacagcctgagagccgaggacacggctgtgtattactgtgcgagagagattgtagtagtaccagctgctatacactactactactactacggtatggacgtctggggccaagggaccacggtcaccgtctcctcaggagtgcagccgagtccagtragaam,
7,B1_Consensus_Alignment_of_6_sequences:_C09_U3464C,productive,"Homsap IGHV3-23*01 F, or Homsap IGHV3-23D*01 F",1426,99.65,287/288 nt,Homsap IGHJ3*02 F,101,66,33/50 nt,Homsap IGHD6-13*01 F,1,8,8,15,8.8.15,[25.17.38.11],CAKQHSSSWYLDAFDIW,in-frame,-,,,,ctttaytaaaggtgtcccagtgtgargtgcagctgttggagtctgggggaggcttggtacagcctggggggtccctgagactctcctgtgcagcctctggattcacctttagcagctatgccatgagctgggtccgccaggctccagggaaggggctggagtgggtctcagctattagtggtagtggtggtagcacatactacgcagactccgtgaagggccggttcaccatctccagagacaattccaagaacacgctgtatctgcaaatgaacagcctgagagccgaggacacggccgtatattactgtgcgaaacaacatagcagcagctggtaccttgatgcttttgatatctggggccanagggacaatggtcaccgtctctcagtgtrrtgcagssgagtcmaraargamcccc,
8,D11_Consensus_Alignment_of_7_sequences:_A02_U3464,unknown (see comment),Homsap IGHV3-7*01 F,1354,96.88,279/288 nt,,,,,,,8,8,X,8.8.X,[25.17.38.X],,,-,no rearrangement found,,,tttwmwaggtgtcccagtgtgaggtgcagctggtggagtctgggggaggcttggtccagcctggggggtccctgagactctcctgtgcagcctctggattcacttttagtggctattggatgagctgggtccgccagactccagggaagggtctggagtgggtggccaacataaagcaagatggaagtgagaaatactatgtggactctgtgaagggccgattcaccatctccagagacaacgccaaaaactcactgtatctggaaatcaacagcctgagagccgaggacacggctctctattactgtgcgagaggcaatggctggcatggctactggggccaggngaacgctgngtcaccgatcntcctcagsgastgcagccgagtycagckwasgacca,
9,E3_Consensus_Alignment_of_7_sequences:_A04_U3464C,productive,"Homsap IGHV3-23*01 F, or Homsap IGHV3-23D*01 F",1435,100,288/288 nt,Homsap IGHJ3*02 F,145,74,37/50 nt,Homsap IGHD6-13*01 F,1,8,8,15,8.8.15,[25.17.38.11],CAKQHSSSWYLDAFDIW,in-frame,-,,,,ggctgctcgttgtttcgcacccctatatcgccggcttcttggccctcccgccyytttcatggmaccwamagcgttttctcggwatcgtcttcygcagmtgttgaaccgsccccccccccccccnnyccchtyygtctstsmmaasracrccccccccccccccccacacccccccmctmggccyyycccsgccscccssccsacccmgctcatgtcatagmykttttctaggtgtnccagtgtgaggtgcagctgttggagtctgggggaggcttggtacagcctggggggtccctgagactctcctgtgcagcctctggattcacctttagcagctatgccatgagctgggtccgccaggctccagggaaggggctggagtgggtctcagctattagtggtagtggtggtagcacatactacgcagactccgtgaagggccggttcaccatctccagagacaattccaagaacacgctgtatctgcaaatgaacagcctgagagccgaggacacggccgtatattactgtgcgaaacaacatagcagcagctggtaccttgatgcttttgatatctggggccaagggacaatggntnntcaccgtctctcagygangtgcagcagagwcssangcmaggcca,
10,E6_Consensus_Alignment_of_7_sequences:_A06_U3464C,productive,"Homsap IGHV3-23*01 F, or Homsap IGHV3-23D*01 F",1435,100,288/288 nt,Homsap IGHJ3*02 F,214,92,46/50 nt,Homsap IGHD6-13*01 F,1,8,8,15,8.8.15,[25.17.38.11],CAKQHSSSWYLDAFDIW,in-frame,-,,,,acccgcggggatttttcccgggggacgagggggggacacgggttggggtgggtgccacttccaggagcgacggtaccatgtccctcggccccctatatcttccacaggatcaagttaccgttgctcctggattgtttcgcacagttacttagscggcttyyyggcgctcgggccttcatmkrckrtacagcgtytyyksgmmysyctctgcagmgkgwgagscggcccccccccctctcctkkkctctgcyvccammatattmcccccbccccccccccacccccccccmakccchwgccgggrgcccggyggacccmcctcatggcannatakcmktttaytaggtgtcccagtgtgaggtgcagctgttggagtctgggggaggcttggtacagcctggggggtccctgagactctcctgtgcagcctctggattcacctttagcagctatgccatgagctgggtccgccaggctccagggaaggggctggagtgggtctcagctattagtggtagtggtggtagcacatactacgcagactccgtgaagggccggttcaccatctccagagacaattccaagaacacgctgtatctgcaaatgaacagcctgagagccgaggacacggccgtatattactgtgcgaaacaacatagcagcagctggtaccttgatgcttttgatatctggggccaagggacaatggtcaccgtctctcartngcygmckagysngagaygcagymagcaa,
11,A10_Consensus_Alignment_of_7_sequences:_B08_U3464,productive,"Homsap IGHV3-23*01 F, or Homsap IGHV3-23D*01 F",1435,100,288/288 nt,Homsap IGHJ3*02 F,214,92,46/50 nt,Homsap IGHD6-13*01 F,1,8,8,15,8.8.15,[25.17.38.11],CAKQHSSSWYLDAFDIW,in-frame,-,,,,ctttwthataggtgtcccagtgtgaggtgcagctgttggagtctgggggaggcttggtacagcctggggggtccctgagactctcctgtgcagcctctggattcacctttagcagctatgccatgagctgggtccgccaggctccagggaaggggctggagtgggtctcagctattagtggtagtggtggtagcacatactacgcagactccgtgaagggccggttcaccatctccagagacaattccaagaacacgctgtatctgcaaatgaacagcctgagagccgaggacacggccgtatattactgtgcgaaacaacatagcagcagctggtaccttgatgcttttgatatctggggccaagggacaatggtcaccgtctctcagkgagtgcwgssgagtcmvawargcwccccc,
12,A1_Consensus_Alignment_of_8_sequences:_A02_U3464C,productive,Homsap IGHV1-2*02 F,1435,100,288/288 nt,Homsap IGHJ3*02 F,128,72,36/50 nt,Homsap IGHD3-16*01 F,1,8,8,11,8.8.11,[25.17.38.11],CARVRGDGAFDIW,in-frame,-,,,,accctcccgcgacacccgccccgcscrtttytwtgttkgaattttcacsgggagsmcgaggggaaaagggygggggggttgcnacyccccgyagrgacggtamcaattycccykgcccccwaatatywaaaagccccccttccccccwttwactctcgcactttatacawgccsgkgttttaaatctchgcbccctwasctccsagtsggctynggtaaggacgttcccctgtcctggtgacccysccccgaaacttycttgcatygttgtgcnaccaccctcmggnctyatccatccyatccaytcaangccctwtcycagccccccgtcgccccccccygcacatmgtcgccggtgawggygctctccsaagccgkctgataccttcantrcraggtcycckgcgttgtgtstgtgcakctacaggtgyccactcccaggtgcagctggtgcagtctggggctgaggtgaagaagcctggggcctcagtgaaggtctcctgcaaggcttctggatacaccttcaccggctactatatgcactgggtgcgacaggcccctggacaagggcttgagtggatgggatggatcaaccctaacagtggtggcacaaactatgcacagaagtttcagggcagggtcaccatgaccagggacacgtccatcagcacagcctacatggagctgagcaggctgagatctgacgacacggccgtgtattactgtgcgagagtgaggggggatggggcttttgatatctggggccaagggacaantggtcaccgtctctcagggagtgcagccgagtccaktaggaac,
13,A2_Consensus_Alignment_of_8_sequences:_A03_U3464C,productive,"Homsap IGHV3-23*01 F, or Homsap IGHV3-23D*01 F",1426,99.65,287/288 nt,Homsap IGHJ4*02 F,186,87.5,42/48 nt,Homsap IGHD6-13*01 F,1,8,8,17,8.8.17,[25.17.38.11],CAKDQWGDSSSWRLVSDYW,in-frame,-,,,,tttartaggtgtcccagtgtgaagtgcagctgttggagtctgggggaggcttggtacagcctggggggtccctgagactctcctgtgcagcctctggattcacctttagcagctatgccatgagctgggtccgccaggctccagggaaggggctggagtgggtctcagctattagtggtagtggtggtagcacatactacgcagactccgtgaagggccggttcaccatctccagagacaattccaagaacacgctgtatctgcaaatgaacagcctgagagccgaggacacggccgtatattactgtgcgaaagatcaatggggtgatagcagcagctggaggttggtatctgactactggggccagggaaccctggtcaccgtctcctcagggagtgcagcssagtcaswaagaca,
14,A4_Consensus_Alignment_of_8_sequences:_A04_U3464C,productive,Homsap IGHV4-39*01 F,1369,96.91,282/291 nt,Homsap IGHJ4*02 F,213,93.75,45/48 nt,Homsap IGHD3-10*01 F,2,10,7,17,10.7.17,[25.17.38.11],CARHVYGSGSYYGEGFDYW,in-frame,-,,,,cgggttcrttwctkkamsymmamwkmgtctstggagrakaktrctwtcatgcgtytaagkattrtgaccgaytataggmwcgsygtcgtwgtcntcyccccctawtamatatmccccctwtccmctcggsccctgtsgsrdgcccccgggscsrcsmcmcccbgcgrmkcmmkrctcnmtggnwgacccccccccmycmmcmcccccykkrwvsamtgctctcycrcmcgscwrccttcwtggckcwmckgtggcagctncccagatgggtcctgtcccaggtgcagctgcaggagtcgggcccaggactggtgaagccttcggagaccctgtccctcacctgctctgtctctggtggctccatcagcagtaatagttgctactggggctggatccgccagcccccagggaaggggctggagtggattggggatatctattatcgtgggagcacctactacaacccgtccctcaagagtcgagtcaccatatccgtagacacgtccgagaaccagttctccctgaagctgagctctgtgaccgccgcagacacggctgtttattactgtgcgagacacgtctatggttcggggagttattatggggagggctttgactactggggccagggaaccctggtcaccgtctcctcagggagtgctgccgcgycamrraagac,
15,B12_Consensus_Alignment_of_8_sequences:_A04_U3464,productive,"Homsap IGHV3-23*01 F, or Homsap IGHV3-23D*01 F",1435,100,288/288 nt,Homsap IGHJ3*02 F,223,94,47/50 nt,Homsap IGHD6-13*01 F,1,8,8,15,8.8.15,[25.17.38.11],CAKQHSSSWYLDAFDIW,in-frame,-,,,,tctgcgartmtttcacasgggansargggggaaaagggttggggsggwtgcactccctgkagwgacggtnaccattgtccctvgsccymarawttnawagsatcmaggtacnckgtggtgctwcgttgttctcgcaccttaaytayggccgtgtsctkggcyctccggccnkttcattygyagctamagcgtcttctnggratcgtctccggagatggtgcaccggcccycccacggcgtctgcgtcgtatttgctaccaccccccccccctcacmgctcagacccactccagccccycccccggagcccggcggacccakctcatggcatagctcttttrtaggtgtccagtgtgaggtgcagctgttggagtctgggggaggcttggtacagcctggggggtccctgagactctcctgtgcagcctctggattcacctttagcagctatgccatgagctgggtccgccaggctccagggaaggggctggagtgggtctcagctattagtggtagtggtggtagcacatactacgcagactccgtgaagggccggttcaccatctccagagacaattccaagaacacgctgtatctgcaaatgaacagcctgagagccgaggacacggccgtatattactgtgcgaaacaacatagcagcagctggtaccttgatgcttttgatatctggggccaagggacaatggtcaccgtctctcagggagtgcagccgagyycantacgaattgccca,
16,A5_Consensus_Alignment_of_8_sequences:_A05_U3464C,productive,"Homsap IGHV1-69*01 F, or Homsap IGHV1-69D*01 F",1435,100,288/288 nt,Homsap IGHJ6*02 F,152,70.97,44/62 nt,Homsap IGHD4-17*01 F,2,8,8,18,8.8.18,[25.17.38.11],CARILRGDYPPYYYYGMDVW,in-frame,-,,,,ccccccccccccccccccccccccccccymmmmsctsmtchmcccccccccmmttctgctcabyctcycrygstcwtctcccmgrsgcagggtcccctctgttgtgtggctgngctcctasatgggtccwgtcccaggtgcagctggtgcagtctggggctgaggtgaagaagcctgggtcctcggtgaaggtctcctgcaaggcttctggaggcaccttcagcagctatgctatcagctgggtgcgacaggcccctggacaagggcttgagtggatgggagggatcatccctatctttggtacagcaaactacgcacagaagttccagggcagagtcacgattaccgcggacgaatccacgagcacagcctacatggagctgagcagcctgagatctgaggacacggccgtgtattactgtgcgagaattttacgaggtgactaccctccttactactactacggtatggacgtctggggccaagggaccancggtcaccgtctcctcagggagtgcagccgagtcmnnnkaagractcac,
17,C1_Consensus_Alignment_of_8_sequences:_A05_U3464C,productive,Homsap IGHV1-2*02 F,1336,96.18,277/288 nt,Homsap IGHJ3*01 F,205,90,45/50 nt,Homsap IGHD6-13*01 F,2,8,8,15,8.8.15,[25.17.38.11],CGRTRIPSTGYDALDVW,in-frame,-,,,,acctttttccacttttaaatgtgcgtgtttttaggtgctgcctycctcaacccctgggtyggstckgttwaggcctsscccsggtkgggsgmccccccccasramamtkgdwgmttgtgtgtgtwacacaaythkggggtkttttyttcytttcccccccccccccctctctcggggcccgtcgcaccccngggwacmycstcsyccccgctggtgnntctccygtcgcsgtgcncktataccagcascasagrtcccmssccctgtgtctktgcagctactggtgcccactcccaggtgcagctggtgcagtctggggctgaggtgaaggggcctggggcctcagtgaaggtctcctgcaaggcttctggatacaccttcatcgactactatatacactgggtgcgacaggcccctggacaagggcttgagtggatgggatggatcaaccctaacagtggtgacacaaactatccacagaagtttcagggcagggtcaccctgaccagggacacgtccatcagcacagcctacctggaggtgagcaggctgacatctgacgacacggccgtgtattactgtggaagaacgagaatcccatcaacaggttatgatgctcttgatgtctggggccaggggacaatggtcaccgtctctcagggagtgcwgccgastcartkaggaa,
18,E4_Consensus_Alignment_of_8_sequences:_A05_U3464C,productive,"Homsap IGHV3-23*01 F, or Homsap IGHV3-23D*01 F",1426,99.65,287/288 nt,Homsap IGHJ6*02 F,269,91.94,57/62 nt,Homsap IGHD2-2*01 F,3,8,8,19,8.8.19,[25.17.38.11],CAKAKVPADWGAYYYYGMDVW,in-frame,-,,,,gcgccstgaatttctcacyggrmgacsagggggaaarggktggggggggtgcactcctggggggracggtaccgtggtccttggccckcgtcccmcamcgtygtygttgttggcgccccmstccgytggtactttggctttygcacrtyaayaaggscgkkttctcggctctcyggctsttcatttgmagttagmgtstttttctgggmattgtctctgyagatggtgkaccyggccctccacggagtntctcccsycccctctyccmmccmccmccacccctyatagkttascccccccccccccscccccccccccggagcccggcggacccccccycctggcvtagcwgtwtwmwaggtgtcccagtgtgaagtgcagctgttggagtctgggggaggcttggtacagcctggggggtccctgagactctcctgtgcagcctctggattcacctttagcagctatgccatgagctgggtccgccaggctccagggaaggggctggagtgggtctcagctattagtggtagtggtggtagcacatactacgcagactccgtgaagggccggttcaccatctccagagacaattccaagaacacgctgtatctgcaaatgaacagcctgagagccgaggacacggccgtatattactgtgcgaaagccaaagtaccagctgattggggcgcctactactactacggtatggacgtctggggccaagggaccacggtcaccgtctcctcnagggagtgcagcmgagtscagmyhacgamc,
19,A6_Consensus_Alignment_of_8_sequences:_A06_U3464C,unproductive,Homsap IGHV3-21*01 F,1435,100,288/288 nt,Homsap IGHJ4*02 F,82,62.5,30/48 nt,Homsap IGHD3-22*01 F,3,8,8,X,8.8.X,[25.17.38.11],CAREAGSGSLGY##,out-of-frame,-,TRP 118 not identified,,,tctacactttaacagtcccaggtcctwtwmtaggtgtcccagtgtgaggtgcagctggtggagtctgggggaggcctggtcaagcctggggggtccctgagactctcctgtgcagcctctggattcaccttcagtagctatagcatgaactgggtccgccaggctccagggaaggggctggagtgggtctcatccattagtagtagtagtagttacatatactacgcagactcagtgaagggccgattcaccatctccagagacaacgccaagaactcactgtatctgcaaatgaacagcctgagagccgaggacacggctgtgtattactgtgcgagagaagctggaagtggttcccttggctactggggccagggaacngctggtcaccgtctcctcagggagtgcagancgagyccaskaggcmc,
20,A7_Consensus_Alignment_of_8_sequences:_A07_U3464C,productive,"Homsap IGHV3-23*01 F, or Homsap IGHV3-23D*01 F",1426,99.65,287/288 nt,Homsap IGHJ3*02 F,133,74,37/50 nt,Homsap IGHD6-13*01 F,1,8,8,15,8.8.15,[25.17.38.11],CAKQHSSSWYLDAFDIW,in-frame,-,,,,ccctttttamwaggtgtcccagtgtgargtgcagctgttggagtctgggggaggcttggtacagcctggggggtccctgagactctcctgtgcagcctctggattcacctttagcagctatgccatgagctgggtccgccaggctccagggaaggggctggagtgggtctcagctattagtggtagtggtggtagcacatactacgcagactccgtgaagggccggttcaccatctccagagacaattccaagaacacgctgtatctgcaaatgaacagcctgagagccgaggacacggccgtatattactgtgcgaaacaacatagcagcagctggtaccttgatgcttttgatatctggggccaagggactaatggtcaccgtctctcagkgagtgcagymgagtccmaaarraggmc,
21,C8_Consensus_Alignment_of_8_sequences:_A07_U3464C,productive,"Homsap IGHV3-23*01 F, or Homsap IGHV3-23D*01 F",1426,99.65,287/288 nt,Homsap IGHJ3*02 F,223,94,47/50 nt,Homsap IGHD6-13*01 F,1,8,8,15,8.8.15,[25.17.38.11],CAKQHSSSWYLDAFDIW,in-frame,-,,,,attaaarcgttttcttggaatgttctycgcagatggtgmaccgccncccnccacggcgtytgcktgttttgtgwyammcccccccccccctcaccscycagacccactcchgcccctcccccggagcccggcggacccagctcmtggcayagcwgttttataggtgtccnagtgtgargtgcagctgttggagtctgggggaggcttggtacagcctggggggtccctgagactctcctgtgcagcctctggattcacctttagcagctatgccatgagctgggtccgccaggctccagggaaggggctggagtgggtctcagctattagtggtagtggtggtagcacatactacgcagactccgtgaagggccggttcaccatctccagagacaattccaagaacacgctgtatctgcaaatgaacagcctgagagccgaggacacggccgtatattactgtgcgaaacaacatagcagcagctggtaccttgatgcttttgatatctggggccaagggacaatggtcaccgtctctcagggagtgcagncgagtccagtacgamgac,
22,E7_Consensus_Alignment_of_8_sequences:_A07_U3464C,productive,Homsap IGHV1-69-2*01 F,1372,97.57,281/288 nt,Homsap IGHJ4*02 F,59,56.25,27/48 nt,Homsap IGHD3-3*02 F,1,8,8,15,8.8.15,[25.17.38.11],CATVAIVGLLRLGDDYW,in-frame,-,,,,attgcacatcttacatggccggtcgttaaatctcggtktcactscccktgacggtttsgwagatkkmgttwtycscgrahttgtccgmaatattgtthtwhktttcmrcywwytwmgatcatcccttccatcyccwttccagccgctttagsscccccccccccccccrtcscgwcgmgtckcgarggymtccccccccccccccccsmycccccykkgttyctkttwvtnnmkytgttggaatctcmkwmgggggtctcagcagctacaggcacccacgctgaggtccagctggtacagtccggggctgaggtgaagaagcctggggccaccgtgaaaatctcctgcaaggcttctggatacaccttcaccgactactacatgcactgggtgcaacaggcccctggaaaagggcttgagtggatgggacgtgttgatcctgaagatggtgaaacaatatatgcagagaagttccagggcagagtcaccataaccgcagacacgtctacagacacagcctacatggagctgagcagcctgagatctgaggacacggccgtgtattactgtgcaacagtagcaatagtggggctcctccgtctgggtgatgactactggggccagggaacncctggtcaccktytcncactcagwsagtscagsngcwcagcwbmagmtcgcarcgcac,
23,C10_Consensus_Alignment_of_8_sequences:_A08_U3464,productive,Homsap IGHV3-48*01 F,1426,99.65,287/288 nt,Homsap IGHJ4*02 F,213,93.75,45/48 nt,Homsap IGHD1-14*01 ORF,1,8,8,12,8.8.12,[25.17.38.11],CAGPESPEDRFDYW,in-frame,-,,,,ttttarttggtgtyccagtgtgargtgcagctggtggagtctgggggaggcttggtacagcctggggggtccctgagactctcctgtgcagcctctggattcaccttcagtagctatagcatgaactgggtccgccaggctccagggaaggggctggagtgggtttcatacattagtagtagtagtagtaccatatactacgcagactctgtgaagggccgattcaccatctccagagacaatgccaagaactcactgtatctgcaaatgaacagcctgagagccgaggacacggctgtgtattactgtgcaggtcccgaatccccagaagacaggtttgactactggggccagggaaccctggtcaccgtctcctcagggagtgcagccgagtccagtagmama,
24,E9_Consensus_Alignment_of_8_sequences:_A08_U3464C,productive,"Homsap IGHV3-23*01 F, or Homsap IGHV3-23D*01 F",1435,100,288/288 nt,Homsap IGHJ3*02 F,223,94,47/50 nt,Homsap IGHD6-13*01 F,1,8,8,15,8.8.15,[25.17.38.11],CAKQHSSSWYLDAFDIW,in-frame,-,,,,aagcmtgaawttctcactgsagamtwggggkaaarggktgggggggrtgcactccykgagcgacggtnaccatkttcctkggccmkakatccwaagawycmasgtaccmgctgctgytktgytgtttcgcacmgtcattacsgccgkstwcttggcrcntccggscgttcattggaaytamagcgyyttctsggaatngtctctcgcagctgstgracggccccccccccccctcntgcgtcgtatytgcyanccaycayyacccccyccccccctcagaccccccycccgccccttcccmggagcccggcggacccakctcatgtcayagctgttttactaggtgtcccagtgtgaggtgcagctgttggagtctgggggaggcttggtacagcctggggggtccctgagactctcctgtgcagcctctggattcacctttagcagctatgccatgagctgggtccgccaggctccagggaaggggctggagtgggtctcagctattagtggtagtggtggtagcacatactacgcagactccgtgaagggccggttcaccatctccagagacaattccaagaacacgctgtatctgcaaatgaacagcctgagagccgaggacacggccgtatattactgtgcgaaacaacatagcagcagctggtaccttgatgcttttgatatctggggccaagggacaatggtcaccgtctctcagggagtgcnnagcctagmtcmagkwagrmac,
25,D6_Consensus_Alignment_of_8_sequences:_A10_U3464C,productive,Homsap IGHV3-21*01 F,1435,100,288/288 nt,Homsap IGHJ3*02 F,214,92,46/50 nt,Homsap IGHD1-14*01 ORF,3,8,8,10,8.8.10,[25.17.38.11],CARYKRDAFDIW,in-frame,-,,,,ccccccccccccactyackcytcsacccccccccccccctmcccstattytwtmtaascccccyccgtrtgtgctccccykytttatwanggtgtncccagtgtgaggtgcagctggtggagtctgggggaggcctggtcaagcctggggggtccctgagactctcctgtgcagcctctggattcaccttcagtagctatagcatgaactgggtccgccaggctccagggaaggggctggagtgggtctcatccattagtagtagtagtagttacatatactacgcagactcagtgaagggccgattcaccatctccagagacaacgccaagaactcactgtatctgcaaatgaacagcctgagagccgaggacacggctgtgtattactgtgcgaggtataaacgggatgcttttgatatctggggccaagggacaatggtcaccgtctctcagggagtgcagcsgagtccrtamgamcc,
26,D8_Consensus_Alignment_of_8_sequences:_A11_U3464C,productive,"Homsap IGHV3-23*01 F, or Homsap IGHV3-23D*01 F",1426,99.65,287/288 nt,Homsap IGHJ6*02 F,238,87.1,54/62 nt,Homsap IGHD2-2*01 F,3,8,8,19,8.8.19,[25.17.38.11],CAKAKVPADWGAYYYYGMDVW,in-frame,-,,,,tactcccccttttacttccccgtttcccccgctttcattttcttccgctgtttaaaaggcgccccttctgttgttcttatctttctcaccttcacattccctttatttttcttacctgcttttttctgcactaatccatattctcccactccstcaycrtctyytgaagmtgytgaacgccctwcacsccgtcygccgtygtcttgcyaccaccamtaccattacccccccccncccactccccccccytyccccggagccsscsccmcccmscccatgycacagcsstwtactaggtgtccnagtgtgargtgcagctgttggagtctgggggaggcttggtacagcctggggggtccctgagactctcctgtgcagcctctggattcacctttagcagctatgccatgagctgggtccgccaggctccagggaaggggctggagtgggtctcagctattagtggtagtggtggtagcacatactacgcagactccgtgaagggccggttcaccatctccagagacaattccaagaacacgctgtatctgcaaatgaacagcctgagagccgaggacacggccgtatattactgtgcgaaagccaaagtaccagctgattggggcgcctactactactacggtatggacgtctggggccaagggaccacggtcaccgtcttcctcasggagtgcangccgagtccagtancgaac,